"","section","x","y"
"1","posterior",0,0.0276210626388448
"2","posterior",0.1,0.0369218346970747
"3","posterior",0.2,0.0508980870806255
"4","posterior",0.3,0.0596258182164328
"5","posterior",0.4,0.094398842705623
"6","posterior",0.5,0.160804304470451
"7","posterior",0.6,0.152777177833235
"8","posterior",0.7,0.153642613957236
"9","posterior",0.8,0.175561480213875
"10","posterior",0.9,0.0581556237805685
"11","posterior",1,0.029593154406033
