"","section","x","y"
"1","posterior",0,0.0302810054217761
"2","posterior",0.1,0.0388233925816073
"3","posterior",0.2,0.0570319706430213
"4","posterior",0.3,0.0562787375912707
"5","posterior",0.4,0.0998259906326601
"6","posterior",0.5,0.158258050574747
"7","posterior",0.6,0.147454080186482
"8","posterior",0.7,0.138774457578829
"9","posterior",0.8,0.159254645050636
"10","posterior",0.9,0.0722215323830453
"11","posterior",1,0.0417961373559256
