"","section","x","y"
"1","posterior",0,0.0340685066459644
"2","posterior",0.1,0.0426061380575701
"3","posterior",0.2,0.0543553418807889
"4","posterior",0.3,0.062280454683461
"5","posterior",0.4,0.0945566544853362
"6","posterior",0.5,0.150723701632452
"7","posterior",0.6,0.147009204645336
"8","posterior",0.7,0.150170970482421
"9","posterior",0.8,0.166026620090284
"10","posterior",0.9,0.0608424010558407
"11","posterior",1,0.0373600063405458
